<?xml version="1.0" encoding="UTF-8"?>
<CebasManifest version="3.0.37">
  <Product id="6" name="ScalpelMAX™" variant="3ds Max 2017 | 64-Bit" web_install="True">
    <Version active="True" local_root="C:\Users\Public\Documents\cebas\3dsMax2017_x64" major="2" minor="1" prerequisite="False" type="R">
      <ReleaseNotes>
<![CDATA[<h2>
scalpelMAX&trade; for 3ds Max 2017</h2>
<img alt="scalpelMAX" src="http://www.cebas.com/products/images/scalpel/intro.jpg" style="width: 320px; height: 238px; " />
&nbsp;<br />
<strong>scalpelMAX</strong> &nbsp;is a 3ds Max 2013-2017 plugin offering advanced slicing functionality with many specialized features. scalpelMAX is perfect for users who create complex CAD viszualisations with polygon counts above 100.000. Also, games and video effects people will love <strong>scalpelMAX</strong> because of its incredible texture slicing feature. Mapping coordinates won&#39;t be affected by <strong>scalpelMAX</strong> operations and this makes it possible to cut down any geometry without losing the materials and mappings!<br />
&nbsp;<br />
<strong>scalpelMAX</strong> can handle much higher polygon counts in realtime than the standard slice feature. <strong>scalpelMAX</strong> also uses less memory to process the slice operation and this makes it also much faster than the built in feature. Another feature is it&acute;s very high accuracy! <strong>scalpelMAX</strong> won&#39;t fail doing the cut operation while the standard feature gives up and creates unusable data.&nbsp;<br />]]>      </ReleaseNotes>
      <Package filename="." format="unpacked">
        <Component name="Scalpel Core" path="scalpelMAX\core"/>
        <Component name="Scalpel Manual" path="scalpelMAX\manual"/>
        <Component name="Sample Scenes" path="$(UserDocuments)\3dsmax\scenes\scalpelMAX"/>
      </Package>
      <Configuration file="$(CommonCebas)\cebas_plugin.ini">
        <Directories>
          <scalpelMAX>$(Scalpel Core)</scalpelMAX>
        </Directories>
      </Configuration>
      <Configuration file="$(MaxLangSubDir)\plugin.ini">
        <Include>
          <cebas__plugins>$(CommonCebas)\cebas_plugin.ini</cebas__plugins>
        </Include>
        <Help>
          <scalpelMAX__Manual>$(Scalpel Manual)\scalpelMAX.chm</scalpelMAX__Manual>
        </Help>
      </Configuration>
    </Version>
  </Product>
  <Product id="192" name="finalToon™ 4.0" variant="3ds Max 2017 | 64-Bit" web_install="True">
    <Version active="False" local_root="C:\Users\Public\Documents\cebas\autoupdate\archive\3dsMax2017_x64\finalToon_4.0\4.0_0.0-R" major="4.0" minor="0.0" prerequisite="False" type="R">
      <ReleaseNotes>
<![CDATA[<h1>
This is finalToon for 3ds Max 2017</h1>]]>      </ReleaseNotes>
      <Package filename="archive.zip" format="zip">
        <Component name="cebasdlu" path="cebasdlu"/>
        <Component name="finalToon R4.0 Core" path="finalToon R4.0 Core"/>
        <Component name="finalToon R4.0 Settings" path="finalToon R4.0 Settings"/>
      </Package>
      <Configuration file="$(CommonCebas)\cebas_plugin.ini">
        <Directories>
          <cebasdlu>$(cebasdlu)</cebasdlu>
          <finalToon__4.0>$(finalToon R4.0 Core)</finalToon__4.0>
        </Directories>
      </Configuration>
      <Configuration file="$(MaxLangSubDir)\plugin.ini">
        <Include>
          <cebas__plugins>$(CommonCebas)\cebas_plugin.ini</cebas__plugins>
        </Include>
      </Configuration>
      <Help format="air" url="http://www.cebas.com/manual/finalToon_4.air"/>
    </Version>
    <Version active="True" local_root="C:\Users\Public\Documents\cebas\3dsMax2017_x64" major="4.0" minor="1.0" prerequisite="False" type="R">
      <ReleaseNotes>
<![CDATA[<h1>
This is finalToon 4.0 Subscription Drop 1 for 3ds Max 2017</h1>
This release fixes a possible issue with defective meshes in 3ds Max to prevent a possible crash situation.<br />]]>      </ReleaseNotes>
      <Package filename="." format="unpacked">
        <Component name="finalToon R4.0 Core" path="finalToon R4.0\core"/>
        <Component name="cebasdlu" path="cebasdlu"/>
        <Component name="finalToon R4.0 Settings" path="finalToon R4.0\settings"/>
      </Package>
      <Configuration file="$(CommonCebas)\cebas_plugin.ini">
        <Directories>
          <cebasdlu>$(cebasdlu)</cebasdlu>
          <finalToon__4.0>$(finalToon R4.0 Core)</finalToon__4.0>
        </Directories>
      </Configuration>
      <Configuration file="$(MaxLangSubDir)\plugin.ini">
        <Include>
          <cebas__plugins>$(CommonCebas)\cebas_plugin.ini</cebas__plugins>
        </Include>
      </Configuration>
      <Help format="air" url="http://www.cebas.com/manual/finalToon_4.air"/>
    </Version>
  </Product>
  <Product id="196" name="psd-manager 4" variant="3ds Max 2017 | 64-Bit" web_install="True">
    <Prohibit name="psd-manager 4 BETA" variant="3ds Max 2017 | 64-Bit"/>
    <Version active="True" local_root="C:\Users\Public\Documents\cebas\3dsMax2017_x64" major="4.0" minor="2" prerequisite="False" type="R">
      <ReleaseNotes>
<![CDATA[<h1>psd-manager 4.0.2</h1>
The advanced PSD file exporter for 3ds Max. Designed to save you time!<br />
<h3>Changelog</h3>
<I>New Features and Changes:</I><BR />
- Support for 3ds Max 2019<BR />
- 3ds max style icons in 3ds max 2018/2019<BR />
<I>Fixed Bugs:</I><BR />
- Icon transparency display issues in 3ds max 2018 SP4 <BR />
<br />
Consult psd-manager help file section <em>Version History</em> for details.<br />
<h3>Licensing</h3>
psd-manager licenses are floating network licenses. A single PC can host all licenses and serve them as needed. Best install Cebas Product Manager on a central (always on) PC such as a file server. Then use menu Licensing > Activate to install the license manager service and activate your psd-manager license. You will find your psd-manager serial number on the cebas website</a> unless you ordered through a reseller.<BR />
<h3>Installation Notes</h3>
psd-manager files are installed at:<br />
<I><font color="#333333">C:\Users\Public\Documents\cebas\3dsMax20XX_x64\psdmanager</font></I><BR />
An entry for cebas plugins is added to 3ds Max plugin.ini files.<BR />
<h3>Network Deployment:</h3></DT>
You can simply install psd-manager using Cebas Product Manager on all workstations.<br />
<BR />
Experienced users may instead share the folder where cebas plugins reside (<I><font color="#333333">C:\Users\Public\Documents\cebas\</font></I>) among several PCs.<br />
On all workstations:<BR />
<UL>
<LI>Create a new network drive that points to the central cebas folder (e.g. drive P: maps to <I><font color="#333333">MASTERPC\\Users\Public\Documents\cebas\</font></I>)</LI>
<LI>To teach 3ds max where to find your plugins - plugin.ini files need to be edited. There is a plugin.ini file for each language suported by 3ds max (e.g. <I><font color="#333333">C:\Program Files\Autodesk\3ds Max 2017\en-US\plugin.ini</font></I>).</LI>
<LI>Add 2 lines to the beginning of each 3ds max plugin.ini (use Text Editor and Administrator priviliges)<BR />
<I><font color="#333333">[Include]<BR />cebas plugins=P:\3dsMax2017_x64\cebas_plugin.ini</font></I>
</LI>
<LI>Make sure it is pointing to the correct cebas_plugin.ini (Example given is for 3ds max 2017) and that there is only one [Include] section within the file (if there already is one move it to the top and make cebas plugins the first line).</LI>
</UL>]]>      </ReleaseNotes>
      <Package filename="." format="unpacked">
        <Component name="psdmanager" path="psdmanager"/>
      </Package>
      <Configuration file="$(CommonCebas)\cebas_plugin.ini">
        <Directories>
          <psdmanager>$(psdmanager)</psdmanager>
        </Directories>
      </Configuration>
      <Configuration file="$(MaxLangSubDir)\plugin.ini">
        <Include>
          <cebas__plugins>$(CommonCebas)\cebas_plugin.ini</cebas__plugins>
        </Include>
      </Configuration>
    </Version>
  </Product>
  <Product id="6" name="ScalpelMAX™" variant="3ds Max 2019 | 64-Bit" web_install="True">
    <Version active="True" local_root="C:\Users\Public\Documents\cebas\3dsMax2019_x64" major="2" minor="1" prerequisite="False" type="R">
      <ReleaseNotes>
<![CDATA[<h2>
scalpelMAX&trade; for 3ds Max 2019</h2>
<img alt="scalpelMAX" src="http://www.cebas.org/images/scalpel/intro.jpg" style="width: 320px; height: 238px; " />
&nbsp;<br />
<strong>scalpelMAX</strong> &nbsp;is a 3ds Max 2013-2019 plugin offering advanced slicing functionality with many specialized features. scalpelMAX is perfect for users who create complex CAD viszualisations with polygon counts above 100.000. Also, games and video effects people will love <strong>scalpelMAX</strong> because of its incredible texture slicing feature. Mapping coordinates won&#39;t be affected by <strong>scalpelMAX</strong> operations and this makes it possible to cut down any geometry without losing the materials and mappings!<br />
&nbsp;<br />
<strong>scalpelMAX</strong> can handle much higher polygon counts in realtime than the standard slice feature. <strong>scalpelMAX</strong> also uses less memory to process the slice operation and this makes it also much faster than the built in feature. Another feature is it&acute;s very high accuracy! <strong>scalpelMAX</strong> won&#39;t fail doing the cut operation while the standard feature gives up and creates unusable data.&nbsp;<br />]]>      </ReleaseNotes>
      <Package filename="." format="unpacked">
        <Component name="Scalpel Core" path="scalpelMAX\core"/>
        <Component name="Scalpel Manual" path="scalpelMAX\manual"/>
        <Component name="Sample Scenes" path="$(UserDocuments)\3dsmax\scenes\scalpelMAX"/>
      </Package>
      <Configuration file="$(CommonCebas)\cebas_plugin.ini">
        <Directories>
          <scalpelMAX>$(Scalpel Core)</scalpelMAX>
        </Directories>
      </Configuration>
      <Configuration file="$(MaxLangSubDir)\plugin.ini">
        <Include>
          <cebas__plugins>$(CommonCebas)\cebas_plugin.ini</cebas__plugins>
        </Include>
        <Help>
          <scalpelMAX__Manual>$(Scalpel Manual)\scalpelMAX.chm</scalpelMAX__Manual>
        </Help>
      </Configuration>
    </Version>
  </Product>
  <Product id="192" name="finalToon™ 4.0" variant="3ds Max 2019 | 64-Bit" web_install="True">
    <Version active="True" local_root="C:\Users\Public\Documents\cebas\3dsMax2019_x64" major="4.0" minor="0.0" prerequisite="False" type="R">
      <ReleaseNotes>
<![CDATA[<h1>
This is finalToon for 3ds Max 2019</h1>]]>      </ReleaseNotes>
      <Package filename="." format="unpacked">
        <Component name="cebasdlu" path="cebasdlu"/>
        <Component name="finalToon R4.0 Core" path="finalToon R4.0\core"/>
        <Component name="finalToon R4.0 Settings" path="finalToon R4.0\settings"/>
      </Package>
      <Configuration file="$(CommonCebas)\cebas_plugin.ini">
        <Directories>
          <cebasdlu>$(cebasdlu)</cebasdlu>
          <finalToon__4.0>$(finalToon R4.0 Core)</finalToon__4.0>
        </Directories>
      </Configuration>
      <Configuration file="$(MaxLangSubDir)\plugin.ini">
        <Include>
          <cebas__plugins>$(CommonCebas)\cebas_plugin.ini</cebas__plugins>
        </Include>
      </Configuration>
      <Help format="air" url="http://www.cebas.com/manual/finalToon_4.air"/>
    </Version>
  </Product>
  <Product id="196" name="psd-manager 4" variant="3ds Max 2019 | 64-Bit" web_install="True">
    <Prohibit name="psd-manager 4 BETA" variant="3ds Max 2019 | 64-Bit"/>
    <Version active="True" local_root="C:\Users\Public\Documents\cebas\3dsMax2019_x64" major="4.0" minor="2" prerequisite="False" type="R">
      <ReleaseNotes>
<![CDATA[<h1>psd-manager 4.0.2</h1>
The advanced PSD file exporter for 3ds Max. Designed to save you time!<br />
<h3>Changelog</h3>
<I>New Features and Changes:</I><BR />
- Support for 3ds Max 2019<BR />
- 3ds max style icons in 3ds max 2018/2019<BR />
<I>Fixed Bugs:</I><BR />
- Icon transparency display issues in 3ds max 2018 SP4 <BR />
<br />
Consult psd-manager help file section <em>Version History</em> for details.<br />
<h3>Licensing</h3>
psd-manager licenses are floating network licenses. A single PC can host all licenses and serve them as needed. Best install Cebas Product Manager on a central (always on) PC such as a file server. Then use menu Licensing > Activate to install the license manager service and activate your psd-manager license. You will find your psd-manager serial number on the cebas website</a> unless you ordered through a reseller.<BR />
<h3>Installation Notes</h3>
psd-manager files are installed at:<br />
<I><font color="#333333">C:\Users\Public\Documents\cebas\3dsMax20XX_x64\psdmanager</font></I><BR />
An entry for cebas plugins is added to 3ds Max plugin.ini files.<BR />
<h3>Network Deployment:</h3></DT>
You can simply install psd-manager using Cebas Product Manager on all workstations.<br />
<BR />
Experienced users may instead share the folder where cebas plugins reside (<I><font color="#333333">C:\Users\Public\Documents\cebas\</font></I>) among several PCs.<br />
On all workstations:<BR />
<UL>
<LI>Create a new network drive that points to the central cebas folder (e.g. drive P: maps to <I><font color="#333333">MASTERPC\\Users\Public\Documents\cebas\</font></I>)</LI>
<LI>To teach 3ds max where to find your plugins - plugin.ini files need to be edited. There is a plugin.ini file for each language suported by 3ds max (e.g. <I><font color="#333333">C:\Program Files\Autodesk\3ds Max 2017\en-US\plugin.ini</font></I>).</LI>
<LI>Add 2 lines to the beginning of each 3ds max plugin.ini (use Text Editor and Administrator priviliges)<BR />
<I><font color="#333333">[Include]<BR />cebas plugins=P:\3dsMax2017_x64\cebas_plugin.ini</font></I>
</LI>
<LI>Make sure it is pointing to the correct cebas_plugin.ini (Example given is for 3ds max 2017) and that there is only one [Include] section within the file (if there already is one move it to the top and make cebas plugins the first line).</LI>
</UL>]]>      </ReleaseNotes>
      <Package filename="." format="unpacked">
        <Component name="psdmanager" path="psdmanager"/>
      </Package>
      <Configuration file="$(CommonCebas)\cebas_plugin.ini">
        <Directories>
          <psdmanager>$(psdmanager)</psdmanager>
        </Directories>
      </Configuration>
      <Configuration file="$(MaxLangSubDir)\plugin.ini">
        <Include>
          <cebas__plugins>$(CommonCebas)\cebas_plugin.ini</cebas__plugins>
        </Include>
      </Configuration>
    </Version>
  </Product>
</CebasManifest>
